<?xml version="1.0" encoding="UTF-8"?>
<!--
!!!   W A R N I N G   !!!

Note that this file is not an official part of Treeviz
The ant scripts in this file reflect my current development environment.
They may not be appropriate for you.



I developed Treeviz using NetBeans 5.5 on Mac OS X 10.4 (Tiger).
Usage of the same IDE to do changes on Treeviz is highly recommended.


To compile Treeviz you need a J2SE 1.5 SDK and the Quaqua Look and Feel.

Werner Randelshofer
-->

<!-- Written to assume that classpath is rooted in the ./src directory. -->
<!-- So this should be OK if you make this script in the root of a filesystem. -->
<!-- If not, you may prefer to adjust the basedir, or move some directories around. -->
<!-- The idea is that both Ant and NetBeans have to know what the package root is -->
<!-- for the classes in your application. -->
<project basedir="." default="all" name="Treeviz">
    
    <!-- Don't worry if you don't know the Ant syntax completely or need help on some tasks! -->
    <!-- The standard Ant documentation can be downloaded from AutoUpdate and -->
    <!-- and then you can access the help in menu Help | Help Sets | Ant 1.5.1 Manual. -->

    <target name="init">
        <!-- You can set up any variables you want used throughout the script here. -->
        <property name="version.number" value="0.30"/>
        <property name="version.date" value="2009-07-07"/>
        <property name="version" value="${version.number} ${version.date}"/>
        <property name="author" value="Werner Randelshofer"/>
        <property name="src" value="src"/>
        <property name="lib" value="lib"/>
        <property name="build" value="build"/>
        <property name="classes" value="${build}/classes"/>
        <property name="dist" value="dist"/>
        <property name="keystore.file" value="../../../_Keystore/JavaKeystore"/>
        <property name="keystore.alias" value="werner"/>
        <property name="keystore.storepass" value="werner"/>
        <!-- jhotdraw -->
        <property name="jhotdraw.projectsrc" value="../../../JHotDraw/current/trunk/jhotdraw7/src/main/java"/>
        <property name="jhotdraw.localsrc" value="${src}/jhotdraw7"/>
    </target>
    
    <target depends="init" name="compile">
        <mkdir dir="${classes}"/>
        <javac  debug="true" deprecation="true" optimize="true" 
                destdir="${classes}" srcdir="${src}/main:${src}/jhotdraw7:${src}/jdesktop"
                encoding="UTF-8"
                source="1.5" target="1.5">
                <include name="ch/randelshofer/tree/demo/Main.java"/> 
        </javac>
        <copy todir="${classes}">
            <fileset dir="${src}/main">
                <include name="**/*.png"/>
                <exclude name="**/.*"/>
            </fileset>
            <fileset dir="${src}/jhotdraw7">
                <include name="**/*.png"/>
                <exclude name="**/.*"/>
            </fileset>
            <fileset dir="${src}/jdesktop">
                <include name="**/*.png"/>
                <exclude name="**/.*"/>
            </fileset>
        </copy>
    </target>
    
    <target depends="init,compile" name="jar">
        <mkdir dir="${dist}"/>
        <jar basedir="${classes}" compress="true"
             jarfile="${dist}/Treeviz.jar">
            <manifest>
                <attribute name="Built-By" value="${author}"/>
                <attribute name="Main-Class" value="ch.randelshofer.tree.demo.Main"/>
                <attribute name="Implementation-Version" value="${version}"/>
                <attribute name="Implementation-Vendor" value="${author}"/>
            </manifest>
            <exclude name="**/.*"/>
            <exclude name="**/*.java"/>
            <exclude name="**/*.form"/>
            <exclude name="**/*.mno"/>
            <exclude name="**/package.html"/>
        </jar>
        
    </target>
    <target depends="init,jar" name="jar-signed">
        <copy file="${dist}/treeviz.jar" tofile="${dist}/treeviz_signed.jar"/>
        <signjar alias="${keystore.alias}" 
                storepass="${keystore.storepass}"
                keystore="${keystore.file}" 
                jar="${dist}/treeviz_signed.jar"
                >
        </signjar>        
    </target>
    
    <target depends="init,jar" description="Build everything." name="all">
        <echo message="Application built. Hello ${hello}!"/>
    </target>
    
    <target depends="init,all" description="Try running it." name="run">
        <java classname="ch.randelshofer.tree.demo.Main" failonerror="true" fork="true">
            <classpath>
                <pathelement location="${classes}"/>
            </classpath>
            <jvmarg value="-Djava.library.path=${lib}"/>
            <jvmarg value="-Xmx1524M"/>
            <!--jvmarg value="-Duser.language=sl"/-->
            <!-- Pass some args, perhaps: -->
            <!--<arg value="-myfile"/> --> 
            <!-- Will be given as an absolute path: -->
            <!--<arg file="myfile.txt"/>-->
        </java>
    </target>

    <target depends="init,all" description="Try running it." name="run J2SE6">
        <java classname="ch.randelshofer.tree.demo.Main" failonerror="true" fork="true"
                jvm="/System/Library/Frameworks/JavaVM.framework/Versions/1.6/Home/bin/java"
        >
            <classpath>
                <pathelement location="${classes}"/>
            </classpath>
            <jvmarg value="-Djava.library.path=${lib}"/>
            <jvmarg value="-Xmx2048M"/>
            <jvmarg value="-XX:+UseConcMarkSweepGC"/>
            <!--jvmarg value="-Duser.language=sl"/-->
            <!-- Pass some args, perhaps: -->
            <!--<arg value="-myfile"/> -->
            <!-- Will be given as an absolute path: -->
            <!--<arg file="myfile.txt"/>-->
        </java>
    </target>

    
    <target depends="clean,jar" description="Bundle the software." name="bundle Mac OS X">
        <mkdir dir="${dist}"/>
        <mkdir dir="${dist}/Treeviz ${version.number}"/>
        <copy todir="${dist}/Treeviz ${version.number}">
            <fileset dir="..">
                <include name="*.html"/>
            </fileset>
        </copy>
        <mkdir dir="${dist}/Treeviz ${version.number}/Treeviz.app"/>
        <copy todir="${dist}/Treeviz ${version.number}/Treeviz.app">
            <fileset dir="resources/Mac OS X Bundle">
            </fileset>
        </copy>
        <chmod perm="ugo+x"
               file="${dist}/Treeviz ${version.number}/Treeviz.app/Contents/MacOS/JavaApplicationStub"
        />
        <copy tofile="${dist}/Treeviz ${version.number}/Treeviz.app/Contents/Resources/Java/Treeviz.jar">
            <fileset dir="${dist}">
                <include name="Treeviz.jar"/>
            </fileset>
        </copy>
        <delete file="${dist}/Treeviz-${version.number}mac.dmg"/>
        <exec executable="hdiutil">
            <arg value="create"/>
            <arg value="-srcfolder"/>
            <arg value="${dist}/Treeviz ${version.number}"/>
            <arg value="-format"/>
            <arg value="UDCO"/>
            <arg value="${dist}/Treeviz-${version.number}mac.dmg"/>
        </exec>
        <exec executable="hdiutil">
            <arg value="internet-enable"/>
            <arg value="${dist}/Treeviz-${version.number}mac.dmg"/>
        </exec>
    </target>
    <target depends="clean,jar" description="Bundle the software." name="bundle Java">
        <mkdir dir="${dist}"/>
        <mkdir dir="${build}/Treeviz ${version.number}"/>
        <copy todir="${build}/Treeviz ${version.number}">
            <fileset dir="..">
                <include name="*.html"/>
            </fileset>
        </copy>
        <!--unzip src="${lib}/quaqua.jar"  dest="${classes}"/-->
        <jar basedir="${classes}" compress="true" jarfile="${build}/Treeviz ${version.number}/Treeviz.jar">
            <manifest>
                <attribute name="Main-Class" value="ch.randelshofer.tree.demo.Main"/>
                <attribute name="Class-Path" value="/System/Library/Java/"/>
            </manifest>
            <exclude name="**/.*"/>
            <exclude name="**/*.java"/>
            <exclude name="**/*.form"/>
            <exclude name="**/*.mno"/>
            <exclude name="**/package.html"/>
            <exclude name="lmshtml"/>
        </jar>
        <zip destfile="${dist}/treeviz-${version.number}.zip">
            <fileset dir="${build}">
                <include name="Treeviz ${version.number}/**"/>
                <exclude name="**/.*"/>
            </fileset>
        </zip>
    </target>
    <target depends="init, bundle Java" description="Bundle the software." name="bundle Src">
        <mkdir dir="${dist}"/>
        <zip destfile="${dist}/treeviz-${version.number}src.zip">
            <fileset dir="..">
                <include name="Treeviz/nbproject/**"/>
                <include name="Treeviz/resources/**"/>
                <include name="Treeviz/src/**"/>
                <include name="Treeviz/dist/Treeviz.jar"/>
                <include name="Treeviz/test/**"/>
                <include name="Treeviz/lib/libquaqua.jnilib"/>
                <include name="Treeviz/lib/quaqua.jar"/>
                <include name="Treeviz/*"/>
                <exclude name="**/.*"/>
            </fileset>
        </zip>
    </target>
    
   <target depends="clean,jar-signed" description="Bundle the software." name="bundle Java Web Start">
       <mkdir dir="${dist}"/>
       <delete dir="${dist}/Treeviz ${version}jws"/>
       <mkdir dir="${dist}/Treeviz ${version}jws"/>
        <copy todir="${dist}/Treeviz ${version}jws">
            <fileset dir="${dist}">
                <include name="*_signed.jar"/>
            </fileset>
        </copy>
        <copy todir="${dist}/Treeviz ${version}jws">
            <fileset dir="resources/Java Web Start Bundle">
            </fileset>
        </copy>
        <zip destfile="${dist}/treeviz-${version}jws.zip">
            <fileset dir="${dist}">
                <include name="Treeviz ${version}jws/**"/>
                <exclude name="**/.*"/>
            </fileset>
        </zip>
    </target>
    
    <target depends="bundle Java,bundle Mac OS X, bundle Src" description="Bundle the software." name="bundle All">
    </target>
    
    <target depends="init" description="Javadoc for my API." name="javadoc">
        <mkdir dir="${dist}/javadoc"/>
        <javadoc destdir="${dist}/javadoc" footer="&lt;font size=-2>Copyright 2007-2008 (c) Werner Randelshofer.&lt;br>All rights reserved.&lt;/font>"
        header="Treeviz ${version}" 
        encoding="UTF-8" docencoding="UTF-8"
       
                 packagenames="ch.randelshofer.*,ch.randelshofer.tree.*" 
                 windowtitle="Treeviz ${version}">
            <sourcepath>
                <pathelement location="${src}"/>
            </sourcepath>
        </javadoc>
    </target>
    
    <target depends="init" description="Clean all build products." name="clean">
        <delete dir="${classes}"/>
    </target>
    <target name="copy sources from JHotDraw project" depends="init">
        <delete dir="${jhotdraw.localsrc}"/>
        <mkdir dir="${jhotdraw.localsrc}"/>
        <copy todir="${jhotdraw.localsrc}">
            <fileset dir="${jhotdraw.projectsrc}">
                <exclude name="**/.*"/>
            </fileset>
        </copy>
    </target>
</project>
