<TreevizFileSystem  created="2008-07-04 11:34:08" name="Example">
<Users>
<User id="u1" name="john" firstname="John" lastname="Doe" email="john.doe@email.com" created="2007-08-27 09:11:54" used="2008-06-23 08:29:15">
</User>
<User id="u2" name="mary" firstname="Mary" lastname="Jane" email="mary.jane@email.com" created="2008-08-27 10:11:54" used="2008-12-23 08:29:15">
</User>
</Users>
<Files>
<Folder id="o1" name="Shared Folder" created="2008-06-24 15:15:03" modified="2005-08-04 17:35:06" ownerRef="u2">
<File id="o2" name="Appointments.doc" created="2008-07-15 12:37:33" modified="2008-08-03 09:28:35" ownerRef="u2" size="1024"/>
<File id="o3" name="Projects.doc" created="2008-10-15 12:40:33" modified="2008-11-03 09:28:35" ownerRef="u1" size="1024"/>
<File id="o4" name="Seminars.doc" created="2009-01-29 07:40:33" modified="2009-01-29 07:45:33" ownerRef="u1" size="512"/>
</Folder>
</Files>
</TreevizFileSystem>